<?xml version="1.0" encoding="UTF-8"?>
<list id="1">
  <org.openmrs.PatientIdentifierType id="2" uuid="069504df-3bff-45f3-b993-faa8f814f457">
    <name>Identifiant Patient</name>
    <description>4 alpha (unique for each hospital in the country) + 2 numeric (year) + 8 numeric, incremental (starting from 00001000)</description>
    <creator/>
    <dateCreated id="3">2020-03-16 13:38:46</dateCreated>
    <changedBy/>
    <dateChanged id="4">2020-03-17 11:27:08</dateChanged>
    <retired>false</retired>
    <patientIdentifierTypeId>7</patientIdentifierTypeId>
    <required>true</required>
    <checkDigit>false</checkDigit>
    <locationBehavior>NOT_USED</locationBehavior>
  </org.openmrs.PatientIdentifierType>
  <org.openmrs.PatientIdentifierType id="5" uuid="0d2ac572-8de3-46c8-9976-1f78899c599f">
    <name>National ID</name>
    <description>National ID</description>
    <creator/>
    <dateCreated id="6">2016-11-10 12:03:26</dateCreated>
    <changedBy/>
    <dateChanged id="7">2020-03-17 11:27:08</dateChanged>
    <retired>true</retired>
    <dateRetired id="8">2020-03-16 18:34:26</dateRetired>
    <retiredBy/>
    <retireReason>Not used</retireReason>
    <patientIdentifierTypeId>4</patientIdentifierTypeId>
    <required>false</required>
    <checkDigit>false</checkDigit>
    <locationBehavior>NOT_USED</locationBehavior>
  </org.openmrs.PatientIdentifierType>
  <org.openmrs.PatientIdentifierType id="9" uuid="81433852-3f10-11e4-adec-0800271c1b75">
    <name>Patient Identifier</name>
    <description>New patient identifier type created for use by the Bahmni Registration System</description>
    <creator/>
    <dateCreated id="10">2014-09-18 00:00:00</dateCreated>
    <changedBy/>
    <dateChanged id="11">2020-03-17 11:27:08</dateChanged>
    <retired>true</retired>
    <dateRetired id="12">2020-03-16 18:34:00</dateRetired>
    <retiredBy/>
    <retireReason>Not used</retireReason>
    <patientIdentifierTypeId>3</patientIdentifierTypeId>
    <required>false</required>
    <checkDigit>false</checkDigit>
    <locationBehavior>NOT_USED</locationBehavior>
  </org.openmrs.PatientIdentifierType>
  <org.openmrs.PatientIdentifierType id="13" uuid="8bc3d442-8d2b-4a2e-a773-c8e1d490dc98">
    <name>Numéro CMU</name>
    <description>Couverture Maladie Universelle. 13 chiffres commençant par 384.</description>
    <creator/>
    <dateCreated id="14">2020-03-16 13:38:34</dateCreated>
    <changedBy/>
    <dateChanged id="15">2020-03-17 11:27:08</dateChanged>
    <retired>false</retired>
    <patientIdentifierTypeId>6</patientIdentifierTypeId>
    <required>false</required>
    <checkDigit>false</checkDigit>
    <locationBehavior>NOT_USED</locationBehavior>
  </org.openmrs.PatientIdentifierType>
  <org.openmrs.PatientIdentifierType id="16" uuid="8d793bee-c2cc-11de-8d13-0010c6dffd0f">
    <name>OpenMRS Identification Number</name>
    <description>Unique number used in OpenMRS</description>
    <creator/>
    <dateCreated id="17">2005-09-22 00:00:00</dateCreated>
    <changedBy/>
    <dateChanged id="18">2020-03-17 11:27:08</dateChanged>
    <retired>true</retired>
    <dateRetired id="19">2020-03-16 18:24:50</dateRetired>
    <retiredBy/>
    <retireReason>Not used</retireReason>
    <patientIdentifierTypeId>1</patientIdentifierTypeId>
    <required>false</required>
    <checkDigit>false</checkDigit>
    <validator>org.openmrs.patient.impl.LuhnIdentifierValidator</validator>
  </org.openmrs.PatientIdentifierType>
  <org.openmrs.PatientIdentifierType id="20" uuid="8d79403a-c2cc-11de-8d13-0010c6dffd0f">
    <name>Old Identification Number</name>
    <description>Number given out prior to the OpenMRS system (No check digit)</description>
    <creator/>
    <dateCreated id="21">2005-09-22 00:00:00</dateCreated>
    <changedBy/>
    <dateChanged id="22">2020-03-17 11:27:08</dateChanged>
    <retired>true</retired>
    <dateRetired id="23">2020-03-16 18:25:01</dateRetired>
    <retiredBy/>
    <retireReason>Not used</retireReason>
    <patientIdentifierTypeId>2</patientIdentifierTypeId>
    <required>false</required>
    <checkDigit>false</checkDigit>
  </org.openmrs.PatientIdentifierType>
  <org.openmrs.PatientIdentifierType id="24" uuid="f1b418bd-f76f-4242-b894-c45e62ac45f0">
    <name>Numéro CNI</name>
    <description>Carte nationale d’Identité C suivi de 10 chiffres</description>
    <creator/>
    <dateCreated id="25">2020-03-16 13:38:31</dateCreated>
    <changedBy/>
    <dateChanged id="26">2020-03-17 13:01:12</dateChanged>
    <retired>false</retired>
    <patientIdentifierTypeId>5</patientIdentifierTypeId>
    <format>^[Cc][0-9].*</format>
    <required>false</required>
    <checkDigit>false</checkDigit>
    <locationBehavior>NOT_USED</locationBehavior>
  </org.openmrs.PatientIdentifierType>
</list>
